{
  "providers": [
    {
      "type": "bitmap",
      "file": "twemoji:font/empty.png",
      "ascent": 0,
      "height": 0,
      "chars": ["\uD83C\uD83D\uD83E"]
    },
    {
      "type": "bitmap",
      "file": "twemoji:pack/twemoji_pack1.png",
      "ascent": 7,
      "chars": [
        "\udc04\udccf\udd70\udd71\udd7e\udd7f\udd8e\udd91\udd92\udd93\udd94\udd95\udd96\udd97\udd98\udd99",
        "\udd9a\uddfc\ude01\ude02\ude1a\ude2f\ude32\ude33\ude34\ude35\ude36\ude37\ude38\ude39\ude3a\ude50",
        "\ude51\udf00\udf01\udf02\udf03\udf04\udf05\udf06\udf07\udf08\udf09\udf0a\udf0b\udf0c\udf0d\udf0e",
        "\udf0f\udf10\udf11\udf12\udf13\udf14\udf15\udf16\udf17\udf18\udf19\udf1a\udf1b\udf1c\udf1d\udf1e",
        "\udf1f\udf20\udf21\udf24\udf25\udf26\udf27\udf28\udf29\udf2a\udf2b\udf2c\udf2d\udf2e\udf2f\udf30",
        "\udf31\udf32\udf33\udf34\udf35\udf36\udf37\udf38\udf39\udf3a\udf3b\udf3c\udf3d\udf3e\udf3f\udf40",
        "\udf41\udf42\udf43\udf44\udf45\udf46\udf47\udf48\udf49\udf4a\udf4b\udf4c\udf4d\udf4e\udf4f\udf50",
        "\udf51\udf52\udf53\udf54\udf55\udf56\udf57\udf58\udf59\udf5a\udf5b\udf5c\udf5d\udf5e\udf5f\udf60",
        "\udf61\udf62\udf63\udf64\udf65\udf66\udf67\udf68\udf69\udf6a\udf6b\udf6c\udf6d\udf6e\udf6f\udf70",
        "\udf71\udf72\udf73\udf74\udf75\udf76\udf77\udf78\udf79\udf7a\udf7b\udf7c\udf7d\udf7e\udf7f\udf80",
        "\udf81\udf82\udf83\udf84\udf85\udf86\udf87\udf88\udf89\udf8a\udf8b\udf8c\udf8d\udf8e\udf8f\udf90",
        "\udf91\udf92\udf93\udf96\udf97\udf99\udf9a\udf9b\udf9e\udf9f\udfa0\udfa1\udfa2\udfa3\udfa4\udfa5",
        "\udfa6\udfa7\udfa8\udfa9\udfaa\udfab\udfac\udfad\udfae\udfaf\udfb0\udfb1\udfb2\udfb3\udfb4\udfb5",
        "\udfb6\udfb7\udfb8\udfb9\udfba\udfbb\udfbc\udfbd\udfbe\udfbf\udfc0\udfc1\udfc2\udfc3\udfc4\udfc5",
        "\udfc6\udfc7\udfc8\udfc9\udfca\udfcb\udfcc\udfcd\udfce\udfcf\udfd0\udfd1\udfd2\udfd3\udfd4\udfd5",
        "\udfd6\udfd7\udfd8\udfd9\udfda\udfdb\udfdc\udfdd\udfde\udfdf\udfe0\udfe1\udfe2\udfe3\udfe4\udfe5"
      ]
    },
    {
      "type": "bitmap",
      "file": "twemoji:pack/twemoji_pack2.png",
      "ascent": 7,
      "chars": [
        "\udfe6\udfe7\udfe8\udfe9\udfea\udfeb\udfec\udfed\udfee\udfef\udff0\udff3\udff4\udff5\udff7\udff8",
        "\udff9\udffa\udffb\udffc\udffd\udffe\udfff\udc00\udc01\udc02\udc03\udc05\udc06\udc07\udc08\udc09",
        "\udc0a\udc0b\udc0c\udc0d\udc0e\udc0f\udc10\udc11\udc12\udc13\udc14\udc15\udc16\udc17\udc18\udc19",
        "\udc1a\udc1b\udc1c\udc1d\udc1e\udc1f\udc20\udc21\udc22\udc23\udc24\udc25\udc26\udc27\udc28\udc29",
        "\udc2a\udc2b\udc2c\udc2d\udc2e\udc2f\udc30\udc31\udc32\udc33\udc34\udc35\udc36\udc37\udc38\udc39",
        "\udc3a\udc3b\udc3c\udc3d\udc3e\udc3f\udc40\udc41\udc42\udc43\udc44\udc45\udc46\udc47\udc48\udc49",
        "\udc4a\udc4b\udc4c\udc4d\udc4e\udc4f\udc50\udc51\udc52\udc53\udc54\udc55\udc56\udc57\udc58\udc59",
        "\udc5a\udc5b\udc5c\udc5d\udc5e\udc5f\udc60\udc61\udc62\udc63\udc64\udc65\udc66\udc67\udc68\udc69",
        "\udc6a\udc6b\udc6c\udc6d\udc6e\udc6f\udc70\udc71\udc72\udc73\udc74\udc75\udc76\udc77\udc78\udc79",
        "\udc7a\udc7b\udc7c\udc7d\udc7e\udc7f\udc80\udc81\udc82\udc83\udc84\udc85\udc86\udc87\udc88\udc89",
        "\udc8a\udc8b\udc8c\udc8d\udc8e\udc8f\udc90\udc91\udc92\udc93\udc94\udc95\udc96\udc97\udc98\udc99",
        "\udc9a\udc9b\udc9c\udc9d\udc9e\udc9f\udca0\udca1\udca2\udca3\udca4\udca5\udca6\udca7\udca8\udca9",
        "\udcaa\udcab\udcac\udcad\udcae\udcaf\udcb0\udcb1\udcb2\udcb3\udcb4\udcb5\udcb6\udcb7\udcb8\udcb9",
        "\udcba\udcbb\udcbc\udcbd\udcbe\udcbf\udcc0\udcc1\udcc2\udcc3\udcc4\udcc5\udcc6\udcc7\udcc8\udcc9",
        "\udcca\udccb\udccc\udccd\udcce\udcd0\udcd1\udcd2\udcd3\udcd4\udcd5\udcd6\udcd7\udcd8\udcd9\udcda",
        "\udcdb\udcdc\udcdd\udcde\udcdf\udce0\udce1\udce2\udce3\udce4\udce5\udce6\udce7\udce8\udce9\udcea"
      ]
    },
    {
      "type": "bitmap",
      "file": "twemoji:pack/twemoji_pack3.png",
      "ascent": 7,
      "chars": [
        "\udceb\udcec\udced\udcee\udcef\udcf0\udcf1\udcf2\udcf3\udcf4\udcf5\udcf6\udcf7\udcf8\udcf9\udcfa",
        "\udcfb\udcfc\udcfd\udcff\udd00\udd01\udd02\udd03\udd04\udd05\udd06\udd07\udd08\udd09\udd0a\udd0b",
        "\udd0c\udd0d\udd0e\udd0f\udd10\udd11\udd12\udd13\udd14\udd15\udd16\udd17\udd18\udd19\udd1a\udd1b",
        "\udd1c\udd1d\udd1e\udd1f\udd20\udd21\udd22\udd23\udd24\udd25\udd26\udd27\udd28\udd29\udd2a\udd2b",
        "\udd2c\udd2d\udd2e\udd2f\udd30\udd31\udd32\udd33\udd34\udd35\udd36\udd37\udd38\udd39\udd3a\udd3b",
        "\udd3c\udd3d\udd49\udd4a\udd4b\udd4c\udd4d\udd4e\udd50\udd51\udd52\udd53\udd54\udd55\udd56\udd57",
        "\udd58\udd59\udd5a\udd5b\udd5c\udd5d\udd5e\udd5f\udd60\udd61\udd62\udd63\udd64\udd65\udd66\udd67",
        "\udd6f\udd73\udd74\udd75\udd76\udd77\udd78\udd79\udd7a\udd87\udd8a\udd8b\udd8c\udd8d\udd90\udda4",
        "\udda5\udda8\uddb1\uddb2\uddbc\uddc2\uddc3\uddc4\uddd1\uddd2\uddd3\udddc\udddd\uddde\udde1\udde3",
        "\udde8\uddef\uddf3\uddfa\uddfb\uddfd\uddfe\uddff\ude00\ude03\ude04\ude05\ude06\ude07\ude08\ude09",
        "\ude0a\ude0b\ude0c\ude0d\ude0e\ude0f\ude10\ude11\ude12\ude13\ude14\ude15\ude16\ude17\ude18\ude19",
        "\ude1b\ude1c\ude1d\ude1e\ude1f\ude20\ude21\ude22\ude23\ude24\ude25\ude26\ude27\ude28\ude29\ude2a",
        "\ude2b\ude2c\ude2d\ude2e\ude30\ude31\ude3b\ude3c\ude3d\ude3e\ude3f\ude40\ude41\ude42\ude43\ude44",
        "\ude45\ude46\ude47\ude48\ude49\ude4a\ude4b\ude4c\ude4d\ude4e\ude4f\ude80\ude81\ude82\ude83\ude84",
        "\ude85\ude86\ude87\ude88\ude89\ude8a\ude8b\ude8c\ude8d\ude8e\ude8f\ude90\ude91\ude92\ude93\ude94",
        "\ude95\ude96\ude97\ude98\ude99\ude9a\ude9b\ude9c\ude9d\ude9e\ude9f\udea0\udea1\udea2\udea3\udea4"
      ]
    },
    {
      "type": "bitmap",
      "file": "twemoji:pack/twemoji_pack4.png",
      "ascent": 7,
      "chars": [
        "\udea5\udea6\udea7\udea8\udea9\udeaa\udeab\udeac\udead\udeae\udeaf\udeb0\udeb1\udeb2\udeb3\udeb4",
        "\udeb5\udeb6\udeb7\udeb8\udeb9\udeba\udebb\udebc\udebd\udebe\udebf\udec0\udec1\udec2\udec3\udec4",
        "\udec5\udecb\udecc\udecd\udece\udecf\uded0\uded1\uded2\uded5\uded6\uded7\udee0\udee1\udee2\udee3",
        "\udee4\udee5\udee9\udeeb\udeec\udef0\udef3\udef4\udef5\udef6\udef7\udef8\udef9\udefa\udefb\udefc",
        "\udd3e\udd3f\udd40\udd41\udd42\udd43\udd44\udd45\udd47\udd48\udd4f\udd68\udd69\udd6a\udd6b\udd6c",
        "\udd6d\udd6e\udd72\udd7b\udd7c\udd7d\udd80\udd81\udd82\udd83\udd84\udd85\udd86\udd88\udd89\udd8f",
        "\udd9b\udd9c\udd9d\udd9e\udd9f\udda0\udda1\udda2\udda3\udda6\udda7\udda9\uddaa\uddab\uddac\uddad",
        "\uddae\uddaf\uddb0\uddb3\uddb4\uddb5\uddb6\uddb7\uddb8\uddb9\uddba\uddbb\uddbd\uddbe\uddbf\uddc0",
        "\uddc1\uddc5\uddc6\uddc7\uddc8\uddc9\uddca\uddcb\uddcd\uddce\uddcf\uddd0\uddd4\uddd5\uddd6\uddd7",
        "\uddd8\uddd9\uddda\udddb\udddf\udde0\udde2\udde4\udde5\udde6\udde7\udde9\uddea\uddeb\uddec\udded",
        "\uddee\uddf0\uddf1\uddf2\uddf4\uddf5\uddf6\uddf7\uddf8\uddf9\ude70\ude71\ude72\ude73\ude74\ude78",
        "\ude79\ude7a\uded3\uded4\u203c\u2049\u2122\u2139\u2194\u2195\u2196\u2197\u2198\u2199\u21a9\u21aa",
        "\u0023\u231a\u231b\u2328\u23cf\u23e9\u23ea\u23eb\u23ec\u23ed\u23ee\u23ef\u23f0\u23f1\u23f2\u23f3",
        "\u23f8\u23f9\u23fa\u24c2\u25aa\u25ab\u25b6\u25c0\u25fb\u25fc\u25fd\u25fe\u2600\u2601\u2602\u2603",
        "\u2604\u260e\u2611\u2614\u2615\u2618\u261d\u2620\u2622\u2623\u2626\u262a\u262e\u262f\u2638\u2639",
        "\u263a\u2640\u2642\u2648\u2649\u264a\u264b\u264c\u264d\u264e\u264f\u2650\u2651\u2652\u2653\u265f"
      ]
    },
    {
      "type": "bitmap",
      "file": "twemoji:pack/twemoji_pack5.png",
      "ascent": 7,
      "chars": [
        "\u2660\u2663\u2665\u2666\u2668\u267b\u267e\u267f\u2692\u2693\u2694\u2695\u2696\u2697\u2699\u269b",
        "\u269c\u26a0\u26a1\u26a7\u26aa\u26ab\u26b0\u26b1\u26bd\u26be\u26c4\u26c5\u26c8\u26ce\u26cf\u26d1",
        "\u26d3\u26d4\u26e9\u26ea\u26f0\u26f1\u26f2\u26f3\u26f4\u26f5\u26f7\u26f8\u26f9\u26fa\u26fd\u2702",
        "\u2705\u2708\u2709\u270a\u270b\u270c\u270d\u270f\u2712\u2714\u2716\u271d\u2721\u2728\u2733\u2734",
        "\u2744\u2747\u274c\u274e\u2753\u2754\u2755\u2757\u2763\u2764\u2795\u2796\u2797\u27a1\u27b0\u27bf",
        "\u2934\u2935\u002a\u2b05\u2b06\u2b07\u2b1b\u2b1c\u2b50\u2b55\u3030\u303d\u3297\u3299\u00a9\u00ae",
        "\ue50a\u0000\u0000\u0000\u0000\u0000\u0000\u0000\u0000\u0000\u0000\u0000\u0000\u0000\u0000\u0000",
        "\u0000\u0000\u0000\u0000\u0000\u0000\u0000\u0000\u0000\u0000\u0000\u0000\u0000\u0000\u0000\u0000",
        "\u0000\u0000\u0000\u0000\u0000\u0000\u0000\u0000\u0000\u0000\u0000\u0000\u0000\u0000\u0000\u0000",
        "\u0000\u0000\u0000\u0000\u0000\u0000\u0000\u0000\u0000\u0000\u0000\u0000\u0000\u0000\u0000\u0000",
        "\u0000\u0000\u0000\u0000\u0000\u0000\u0000\u0000\u0000\u0000\u0000\u0000\u0000\u0000\u0000\u0000",
        "\u0000\u0000\u0000\u0000\u0000\u0000\u0000\u0000\u0000\u0000\u0000\u0000\u0000\u0000\u0000\u0000",
        "\u0000\u0000\u0000\u0000\u0000\u0000\u0000\u0000\u0000\u0000\u0000\u0000\u0000\u0000\u0000\u0000",
        "\u0000\u0000\u0000\u0000\u0000\u0000\u0000\u0000\u0000\u0000\u0000\u0000\u0000\u0000\u0000\u0000",
        "\u0000\u0000\u0000\u0000\u0000\u0000\u0000\u0000\u0000\u0000\u0000\u0000\u0000\u0000\u0000\u0000",
        "\u0000\u0000\u0000\u0000\u0000\u0000\u0000\u0000\u0000\u0000\u0000\u0000\u0000\u0000\u0000\u0000"
      ]
    }
  ]
}
